id,lead3_r1,lead3_r2,lead3_rL,textrank_r1,textrank_r2,textrank_rL,vit5_r1,vit5_r2,vit5_rL
000001.txt.seg,0.1818,0.0851,0.1538,0.1304,0.0294,0.1159,0.1515,0.0625,0.1515
000002.txt.seg,0.239,0.1146,0.2013,0.2222,0.1065,0.1871,0.2973,0.1389,0.1892
000003.txt.seg,0.2924,0.1657,0.2222,0.2672,0.1217,0.1983,0.283,0.0962,0.1509
000004.txt.seg,0.3878,0.268,0.2857,0.2576,0.1775,0.1831,0.3529,0.26,0.2745
000005.txt.seg,0.3194,0.2394,0.2639,0.1935,0.0651,0.1198,0.3429,0.2059,0.2286
000006.txt.seg,0.3103,0.1977,0.2299,0.1528,0.0282,0.0972,0.4308,0.1587,0.2769
000007.txt.seg,0.2512,0.0878,0.1643,0.1855,0.0894,0.121,0.1928,0.0988,0.1687
000008.txt.seg,0.2817,0.0714,0.1268,0.3862,0.1119,0.2207,0.3333,0.1143,0.2222
000009.txt.seg,0.253,0.061,0.1687,0.2525,0.051,0.1313,0.0194,0.0,0.0194
000010.txt.seg,0.2937,0.1702,0.2098,0.3,0.1525,0.25,0.4,0.254,0.4
000011.txt.seg,0.2169,0.0732,0.1566,0.3607,0.15,0.2295,0.1928,0.0741,0.1446
000012.txt.seg,0.2737,0.1064,0.1684,0.3455,0.1693,0.2304,0.3614,0.1481,0.2651
000013.txt.seg,0.3652,0.2478,0.3478,0.2121,0.0615,0.1667,0.1395,0.0714,0.1395
000014.txt.seg,0.223,0.1273,0.171,0.2474,0.1592,0.1856,0.3516,0.1798,0.3077
000015.txt.seg,0.2034,0.08,0.1356,0.2078,0.0658,0.1299,0.2069,0.0714,0.1379
000016.txt.seg,0.1567,0.0093,0.0922,0.3162,0.1912,0.2609,0.1188,0.0,0.0792
000017.txt.seg,0.3352,0.2486,0.2458,0.4296,0.3459,0.3259,0.2796,0.1099,0.172
000018.txt.seg,0.3418,0.1923,0.2532,0.2071,0.0717,0.1036,0.3175,0.1774,0.254
000019.txt.seg,0.3333,0.1351,0.2267,0.2797,0.0709,0.2098,0.2,0.1026,0.15
000020.txt.seg,0.0905,0.0102,0.0503,0.1651,0.0374,0.1101,0.1067,0.0,0.1067
000021.txt.seg,0.5414,0.4733,0.4211,0.24,0.1351,0.1467,0.5161,0.4333,0.5161
000022.txt.seg,0.2029,0.0588,0.1594,0.2545,0.0859,0.1697,0.3291,0.1818,0.2532
000023.txt.seg,0.1702,0.0215,0.0851,0.2,0.0481,0.1143,0.2571,0.0882,0.1714
000024.txt.seg,0.2336,0.1038,0.1589,0.3436,0.236,0.2209,0.1573,0.046,0.1124
000025.txt.seg,0.093,0.0,0.0581,0.041,0.0,0.0273,0.0274,0.0,0.0274
000026.txt.seg,0.6211,0.6164,0.6211,0.3016,0.1452,0.2381,0.4792,0.4255,0.4167
000027.txt.seg,0.2545,0.0982,0.1212,0.3355,0.183,0.2581,0.2319,0.1194,0.2029
000028.txt.seg,0.2323,0.1438,0.1935,0.2727,0.1846,0.2273,0.375,0.129,0.2187
000029.txt.seg,0.2828,0.2143,0.2121,0.4286,0.25,0.2857,0.1628,0.0952,0.1163
000030.txt.seg,0.1667,0.1089,0.1471,0.0842,0.0106,0.0632,0.0563,0.0,0.0563
000031.txt.seg,0.3402,0.2092,0.2573,0.3886,0.185,0.3086,0.25,0.1064,0.1667
000032.txt.seg,0.1312,0.0682,0.095,0.1745,0.0659,0.1164,0.382,0.2299,0.2472
000033.txt.seg,0.1619,0.0673,0.1143,0.2453,0.0962,0.1321,0.0345,0.0,0.0345
000034.txt.seg,0.2373,0.0686,0.113,0.2404,0.0773,0.1311,0.2078,0.1067,0.1818
000035.txt.seg,0.1527,0.0155,0.1221,0.1418,0.0144,0.1135,0.411,0.2817,0.3562
000036.txt.seg,0.2213,0.0601,0.1106,0.1991,0.0731,0.1267,0.1702,0.087,0.1702
000037.txt.seg,0.0764,0.0387,0.0764,0.2092,0.1192,0.1569,0.2121,0.0312,0.0909
000038.txt.seg,0.2132,0.0615,0.1218,0.3985,0.3182,0.3308,0.1805,0.0458,0.1203
000039.txt.seg,0.4571,0.3043,0.3857,0.1951,0.0988,0.1341,0.0741,0.0,0.0494
000040.txt.seg,0.1139,0.0385,0.0633,0.2712,0.1034,0.2034,0.381,0.1,0.3333
000041.txt.seg,0.2821,0.1429,0.2051,0.3094,0.2123,0.2762,0.5143,0.3235,0.4286
000042.txt.seg,0.2162,0.0959,0.1486,0.2051,0.0909,0.1795,0.2376,0.101,0.1386
000043.txt.seg,0.3256,0.1417,0.2326,0.3485,0.1538,0.2273,0.1429,0.0,0.0714
000044.txt.seg,0.1802,0.055,0.1622,0.1212,0.0154,0.0909,0.1429,0.0417,0.102
000045.txt.seg,0.5,0.4301,0.4574,0.339,0.2057,0.2712,0.2637,0.1348,0.2198
000046.txt.seg,0.2092,0.0662,0.1176,0.1985,0.062,0.1679,0.1818,0.0755,0.1818
000047.txt.seg,0.1935,0.0164,0.129,0.1538,0.0,0.0897,0.1639,0.0,0.0984
000048.txt.seg,0.1911,0.0903,0.1656,0.0876,0.0148,0.073,0.25,0.037,0.1786
000049.txt.seg,0.2627,0.1026,0.1525,0.3267,0.12,0.1782,0.1895,0.0215,0.0842
000050.txt.seg,0.1156,0.0234,0.0809,0.1646,0.0641,0.1139,0.08,0.0417,0.08
000051.txt.seg,0.1573,0.092,0.1348,0.1481,0.0377,0.1111,0.186,0.0476,0.1395
000052.txt.seg,0.2973,0.1455,0.1892,0.1977,0.0613,0.0989,0.2022,0.046,0.1124
000053.txt.seg,0.1575,0.048,0.0945,0.2875,0.0759,0.175,0.3636,0.1031,0.2222
000054.txt.seg,0.314,0.1667,0.2314,0.3544,0.2638,0.3291,0.5682,0.3721,0.4091
000055.txt.seg,0.1595,0.087,0.1227,0.1439,0.073,0.1151,0.0667,0.0,0.0667
000056.txt.seg,0.3431,0.297,0.3235,0.3886,0.3353,0.3771,0.0882,0.0,0.0588
000057.txt.seg,0.3045,0.166,0.1975,0.3226,0.1707,0.2016,0.2637,0.0899,0.1538
000058.txt.seg,0.3158,0.1374,0.1955,0.3889,0.1698,0.2222,0.4688,0.1935,0.375
000059.txt.seg,0.3208,0.1346,0.1887,0.2463,0.0498,0.1182,0.6154,0.4494,0.4396
000060.txt.seg,0.1831,0.0571,0.1268,0.044,0.0,0.044,0.3529,0.1212,0.2059
000061.txt.seg,0.4295,0.2993,0.3893,0.1805,0.0509,0.0939,0.1842,0.027,0.1053
000062.txt.seg,0.2517,0.1611,0.2252,0.1831,0.0857,0.169,0.4138,0.25,0.2759
000063.txt.seg,0.269,0.071,0.152,0.3955,0.1829,0.2373,0.4211,0.2432,0.3684
000064.txt.seg,0.288,0.0976,0.224,0.359,0.087,0.1538,0.1471,0.0303,0.1176
000065.txt.seg,0.1905,0.0723,0.1548,0.2254,0.0857,0.1972,0.4524,0.2683,0.3571
000066.txt.seg,0.2314,0.2185,0.2314,0.3762,0.29,0.3267,0.7259,0.6316,0.7111
000067.txt.seg,0.3071,0.2264,0.2622,0.2685,0.2027,0.2349,0.5849,0.4231,0.434
000068.txt.seg,0.1554,0.0314,0.1036,0.2166,0.0516,0.1401,0.18,0.0612,0.12
000069.txt.seg,0.2373,0.08,0.1469,0.2359,0.0829,0.1538,0.1333,0.0682,0.0667
000070.txt.seg,0.2824,0.2143,0.2235,0.2537,0.1872,0.2049,0.1682,0.0762,0.0935
000071.txt.seg,0.0811,0.0137,0.0541,0.0966,0.014,0.069,0.2462,0.1587,0.2462
000072.txt.seg,0.2065,0.0523,0.1161,0.1448,0.0208,0.1103,0.1389,0.0857,0.0833
000073.txt.seg,0.2821,0.2368,0.2821,0.375,0.234,0.3125,0.4156,0.24,0.3636
000074.txt.seg,0.0962,0.0,0.0769,0.2632,0.0357,0.1579,0.1739,0.0597,0.1159
000075.txt.seg,0.1569,0.099,0.1176,0.1139,0.0256,0.0759,0.459,0.2373,0.459
000076.txt.seg,0.2416,0.0408,0.1208,0.1032,0.0131,0.0774,0.1053,0.027,0.0789
000077.txt.seg,0.198,0.08,0.1386,0.1552,0.0174,0.1207,0.0899,0.023,0.0674
000078.txt.seg,0.0938,0.0159,0.0781,0.1277,0.0144,0.0709,0.0635,0.0,0.0635
000079.txt.seg,0.2375,0.0506,0.1125,0.269,0.0947,0.1637,0.1101,0.0187,0.0734
000080.txt.seg,0.2909,0.2209,0.2545,0.1562,0.0,0.0938,0.3684,0.2703,0.3684
000081.txt.seg,0.1579,0.0541,0.1316,0.1333,0.0169,0.0833,0.3548,0.2,0.3548
000082.txt.seg,0.1504,0.0,0.1053,0.1468,0.0,0.0917,0.2258,0.0667,0.2258
000083.txt.seg,0.3488,0.2471,0.3372,0.1074,0.0272,0.0805,0.2308,0.1316,0.1795
000084.txt.seg,0.3179,0.1879,0.1457,0.2014,0.0876,0.1439,0.3019,0.1176,0.1509
000085.txt.seg,0.2995,0.2378,0.2995,0.2343,0.1857,0.2343,0.338,0.2319,0.2817
000086.txt.seg,0.1627,0.058,0.0957,0.1538,0.0,0.1119,0.1017,0.0,0.1017
000087.txt.seg,0.3085,0.1809,0.2289,0.2208,0.0526,0.1039,0.0938,0.0323,0.0625
000088.txt.seg,0.274,0.0833,0.1507,0.3057,0.1161,0.2293,0.2683,0.1,0.2683
000089.txt.seg,0.2732,0.1326,0.2077,0.2989,0.1744,0.2184,0.3077,0.1587,0.2769
000090.txt.seg,0.1727,0.0292,0.1007,0.1951,0.0661,0.1789,0.186,0.0488,0.186
000091.txt.seg,0.2269,0.0847,0.1345,0.3158,0.12,0.2105,0.0962,0.0,0.0769
000092.txt.seg,0.25,0.0759,0.1375,0.184,0.0497,0.135,0.1935,0.0333,0.0968
000093.txt.seg,0.2169,0.1585,0.1928,0.1951,0.1576,0.1756,0.9752,0.9748,0.9752
000094.txt.seg,0.3896,0.2632,0.2857,0.3947,0.2667,0.2895,0.5312,0.3226,0.3125
000095.txt.seg,0.3836,0.1667,0.2466,0.4845,0.2893,0.3478,0.2791,0.1429,0.2326
000096.txt.seg,0.2235,0.0952,0.1529,0.0403,0.0,0.0403,0.2278,0.1299,0.1772
000097.txt.seg,0.2672,0.1304,0.181,0.3485,0.1538,0.2727,0.3404,0.1957,0.3404
000098.txt.seg,0.4162,0.3897,0.3452,0.4271,0.4,0.3646,0.172,0.0659,0.129
000099.txt.seg,0.2315,0.1402,0.1574,0.2421,0.1277,0.1789,0.303,0.1562,0.2727
000100.txt.seg,0.1856,0.0,0.1443,0.2857,0.0658,0.1039,0.2195,0.075,0.122
